meet_name,meet_url,year,month,state,level,season
American Fork Grass Relays,https://ut.milesplit.com/meets/214359-american-fork-grass-relays-2015/results,2015,8,UT,HS,XC
Region 5 Pre Meet,https://ut.milesplit.com/meets/217622-region-5-pre-meet-2015/results,2015,8,UT,HS,XC
Region 6 Pre Meet,https://ut.milesplit.com/meets/217598-region-6-pre-meet-2015/results,2015,8,UT,HS,XC
Region V Pre-Region Meet,https://ut.milesplit.com/meets/218130-region-v-pre-region-cross-country-meet-2015/results,2015,8,UT,HS,XC
Region VI Pre-Regions,https://ut.milesplit.com/meets/218131-region-vi-pre-regions-2015/results,2015,8,UT,HS,XC
Tri-Meet vs Salem Hills Dual,https://ut.milesplit.com/meets/217632-tri-meet-vs-salem-hills-dual-2015/results,2015,8,UT,HS,XC
SUU High School Invite,https://ut.milesplit.com/meets/214354-suu-high-school-invite-2015/results,2015,8,UT,HS,XC
Highland XC Invitational,https://ut.milesplit.com/meets/214353-highland-xc-invitational-2015/results,2015,8,UT,HS,XC
Pre Region 8 Meet,https://ut.milesplit.com/meets/217631-pre-region-8-meet-2015/results,2015,8,UT,HS,XC
Dart Challenge,https://ut.milesplit.com/meets/216376-dart-challenge-2015/results,2015,8,UT,HS,XC
Premier Invitational,https://ut.milesplit.com/meets/214351-premier-cross-country-invitational-2015/results,2015,8,UT,HS,XC
AAU Junior Olympic Games,https://www.milesplit.com/meets/194122-aau-junior-olympic-games-2015/results,2015,8,UT,HS,XC
States Games of America,https://ne.milesplit.com/meets/210433-states-games-of-america-2015/results,2015,8,UT,HS,XC
Sanpete Cross Country Classic,https://ut.milesplit.com/meets/214376-sanpete-cross-country-classic-2015/results,2015,9,UT,HS,XC
Ogden/Weber City County Meet,https://ut.milesplit.com/meets/220013-ogdenweber-city-county-meet-2015/results,2015,9,UT,HS,XC
Bob Firman Invitational,https://id.milesplit.com/meets/214375-bob-firman-invitational-2015/results,2015,9,UT,HS,XC
Nike Portland XC Invite,https://or.milesplit.com/meets/206488-nike-portland-xc-invite-2015/results,2015,9,UT,HS,XC
Pagosa Springs Wolf Creek Invitational,https://co.milesplit.com/meets/215262-pagosa-springs-wolf-creek-invitational-2015/results,2015,9,UT,HS,XC
Wasatch XC Invitational,https://ut.milesplit.com/meets/218304-wasatch-xc-invitational-2015/results,2015,9,UT,HS,XC
Copper Hills Invitational,https://ut.milesplit.com/meets/218302-copper-hills-invitational-2015/results,2015,9,UT,HS,XC
Nebo XC Invitational,https://ut.milesplit.com/meets/218303-nebo-xc-invitational-2015/results,2015,9,UT,HS,XC
John Thornton Invitational,https://ut.milesplit.com/meets/218299-john-thornton-invitational-2015/results,2015,9,UT,HS,XC
Region 2 Tri-meet West-Granger at Syracuse,https://ut.milesplit.com/meets/219284-region-2-tri-meet-west-granger-at-syracuse-2015/results,2015,9,UT,HS,XC
Pleasant Grove Viking Invitational,https://ut.milesplit.com/meets/219040-pleasant-grove-viking-invitational-2015/results,2015,9,UT,HS,XC
Shiprock Invitational,https://nm.milesplit.com/meets/216365-shiprock-cross-country-invitational-2015/results,2015,9,UT,HS,XC
Wasatch Rendezvous,https://ut.milesplit.com/meets/214374-wasatch-rendezvous-2015/results,2015,9,UT,HS,XC
All City Meet,https://ut.milesplit.com/meets/219021-all-city-meet-2015/results,2015,9,UT,HS,XC
UIAAA Invitational,https://ut.milesplit.com/meets/218296-uiaaa-invitational-2015/results,2015,9,UT,HS,XC
Davis County Championship,https://ut.milesplit.com/meets/219055-davis-county-championship-2015/results,2015,9,UT,HS,XC
Region 10 XC Meet,https://ut.milesplit.com/meets/218898-region-10-xc-meet-2015/results,2015,9,UT,HS,XC
Larry Burgess Invitational,https://nv.milesplit.com/meets/216301-larry-burgess-invitational-2015/results,2015,9,UT,HS,XC
Murray Invitational,https://ut.milesplit.com/meets/218242-murray-invitational-2015/results,2015,9,UT,HS,XC
Westlake Cross Country Classic,https://ut.milesplit.com/meets/214372-westlake-cross-country-classic-2015/results,2015,9,UT,HS,XC
Herriman Invitational,https://ut.milesplit.com/meets/214370-herriman-invitational-2015/results,2015,9,UT,HS,XC
Hurricane XC Invitational,https://ut.milesplit.com/meets/214352-hurricane-xc-invitational-2015/results,2015,9,UT,HS,XC
Uintah Invitational,https://ut.milesplit.com/meets/218385-uintah-invitational-2015/results,2015,9,UT,HS,XC
West Triangular,https://ut.milesplit.com/meets/218383-west-triangular-2015/results,2015,9,UT,HS,XC
Spanish Fork Triangular,https://ut.milesplit.com/meets/218384-spanish-fork-triangular-2015/results,2015,9,UT,HS,XC
BYU Autumn Classic,https://ut.milesplit.com/meets/214363-byu-autumn-classic-2015/results,2015,9,UT,HS,XC
Utah County Invitational,https://ut.milesplit.com/meets/218897-utah-county-invitational-2015/results,2015,9,UT,HS,XC
Twilight Classic,https://nv.milesplit.com/meets/216293-twilight-classic-2015/results,2015,9,UT,HS,XC
Utah State Aggie Invitational,https://ut.milesplit.com/meets/214361-utah-state-aggie-invitational-2015/results,2015,9,UT,HS,XC
Loyd's Lake Classic,https://ut.milesplit.com/meets/214357-loyds-lake-classic-2015/results,2015,9,UT,HS,XC
Pre Region 10 Meet,https://ut.milesplit.com/meets/218458-pre-region-10-meet-2015/results,2015,9,UT,HS,XC
Pre Region 2 Meet,https://ut.milesplit.com/meets/217927-pre-region-2-meet-2015/results,2015,9,UT,HS,XC
Pre Region 4 Meet,https://ut.milesplit.com/meets/218016-pre-region-4-meet-2015/results,2015,9,UT,HS,XC
Pre-Region 3 Meet,https://ut.milesplit.com/meets/217922-pre-region-3-meet-2015/results,2015,9,UT,HS,XC
Utah State XC Championship,https://ut.milesplit.com/meets/214380-utah-state-xc-championship-2015/results,2015,10,UT,HS,XC
Region 11 Meet,https://ut.milesplit.com/meets/221574-region-11-meet-2015/results,2015,10,UT,HS,XC
Utah Region 10 Championships,https://ut.milesplit.com/meets/221068-utah-region-10-championships-2015/results,2015,10,UT,HS,XC
Utah Region 16 Championship,https://ut.milesplit.com/meets/221036-utah-region-16-championship-2015/results,2015,10,UT,HS,XC
Utah Region 18 Championship,https://ut.milesplit.com/meets/221067-utah-region-18-championship-2015/results,2015,10,UT,HS,XC
Utah Region 3 Championships,https://ut.milesplit.com/meets/221069-utah-region-3-championships-2015/results,2015,10,UT,HS,XC
Utah Region 9 Championships,https://ut.milesplit.com/meets/221035-utah-region-9-championships-2015/results,2015,10,UT,HS,XC
Montezuma-Cortez Ancient Trails 5K Invitational,https://co.milesplit.com/meets/200700-montezuma-cortez-ancient-trails-5k-invitational-2015/results,2015,10,UT,HS,XC
Utah Region 7 Championships,https://ut.milesplit.com/meets/220623-utah-region-7-championships-2015/results,2015,10,UT,HS,XC
Region 5 Championship,https://ut.milesplit.com/meets/220536-region-5-championship-2015/results,2015,10,UT,HS,XC
Utah Region 2 Championship,https://ut.milesplit.com/meets/220537-utah-region-2-championship-2015/results,2015,10,UT,HS,XC
Utah Region 4 Championships,https://ut.milesplit.com/meets/220538-utah-region-4-championships-2015/results,2015,10,UT,HS,XC
Utah Region 6 Championships,https://ut.milesplit.com/meets/220541-utah-region-6-championships-2015/results,2015,10,UT,HS,XC
Utah Region 8 Championships,https://ut.milesplit.com/meets/220540-utah-region-8-championships-2015/results,2015,10,UT,HS,XC
Region 11 Meet,https://ut.milesplit.com/meets/220535-region-11-meet-2015/results,2015,10,UT,HS,XC
Titan XC Meet,https://ut.milesplit.com/meets/220542-titan-xc-meet-2015/results,2015,10,UT,HS,XC
Chicken Creek Challenge,https://co.milesplit.com/meets/205714-chicken-creek-challenge-2015/results,2015,10,UT,HS,XC
Cedar XC Invitational,https://ut.milesplit.com/meets/214378-cedar-xc-invitational-2015/results,2015,10,UT,HS,XC
Desert Twilight XC Festival,https://az.milesplit.com/meets/215472-desert-twilight-xc-festival-2015/results,2015,10,UT,HS,XC
Park City XC Invitational,https://ut.milesplit.com/meets/214377-park-city-xc-invitational-2015/results,2015,10,UT,HS,XC
Top Of Utah Team Relays,https://ut.milesplit.com/meets/218306-top-of-utah-team-relays-2015/results,2015,10,UT,HS,XC
Cross Country Coaches National Youth Championships,https://ky.milesplit.com/meets/215197-cross-country-coaches-national-youth-championships-2015/results,2015,11,UT,HS,XC
Nike Cross Nationals Southwest Regional,https://www.milesplit.com/meets/194600-nike-cross-nationals-southwest-regional-2015/results,2015,11,UT,HS,XC
NACA Cross-Country Championships,https://tn.milesplit.com/meets/188486-naca-cross-country-championships-2015/results,2015,11,UT,HS,XC
UHSTCA Pre-Foot Locker Invitational,https://ut.milesplit.com/meets/214381-uhstca-pre-foot-locker-invitational-2015/results,2015,11,UT,HS,XC
Pre Region 10 Meet,https://ut.milesplit.com/meets/251211-pre-region-10-meet-2016/results,2016,8,UT,HS,XC
Pre Region 2 Meet,https://ut.milesplit.com/meets/251213-pre-region-2-meet-2016/results,2016,8,UT,HS,XC
Pre Region 4 Meet,https://ut.milesplit.com/meets/251180-pre-region-4-meet-2016/results,2016,8,UT,HS,XC
Pre Region 7 Meet,https://ut.milesplit.com/meets/251181-pre-region-7-meet-2016/results,2016,8,UT,HS,XC
Pre Region 3 Meet,https://ut.milesplit.com/meets/251210-pre-region-3-meet-2016/results,2016,8,UT,HS,XC
SUU High School Invitational,https://ut.milesplit.com/meets/251030-suu-high-school-cross-country-invitational-2016/results,2016,8,UT,HS,XC
Westlake Grass Relays,https://ut.milesplit.com/meets/250918-westlake-grass-relays-2016/results,2016,8,UT,HS,XC
Pre Region 6 Meet,https://ut.milesplit.com/meets/250835-pre-region-6-meet-2016/results,2016,8,UT,HS,XC
Pre Region 8 Meet,https://ut.milesplit.com/meets/250779-pre-region-8-meet-2016/results,2016,8,UT,HS,XC
Highland XC Invitational,https://ut.milesplit.com/meets/250399-highland-xc-invitational-2016/results,2016,8,UT,HS,XC
Premier Invitational,https://ut.milesplit.com/meets/250253-premier-cross-country-invitational-2016/results,2016,8,UT,HS,XC
Uintah Trials,https://ut.milesplit.com/meets/250259-uintah-trials-2016/results,2016,8,UT,HS,XC
Cedar All-Comers,https://ut.milesplit.com/meets/249524-cedar-all-comers-2016/results,2016,8,UT,HS,XC
Cedar XC Invitational,https://ut.milesplit.com/meets/253591-cedar-xc-invitational-2016/results,2016,9,UT,HS,XC
Desert Twilight XC Festival,https://az.milesplit.com/meets/228191-desert-twilight-xc-festival-2016/results,2016,9,UT,HS,XC
Park City XC Invitational,https://ut.milesplit.com/meets/253983-park-city-xc-invitational-2016/results,2016,9,UT,HS,XC
Red Devil Invitational,https://ut.milesplit.com/meets/253988-red-devil-invitational-2016/results,2016,9,UT,HS,XC
Copper Hills Invitational,https://ut.milesplit.com/meets/253590-copper-hills-invitational-2016/results,2016,9,UT,HS,XC
Box Elder Meet,https://ut.milesplit.com/meets/253993-box-elder-meet-2016/results,2016,9,UT,HS,XC
Davis Open Region Meet,https://ut.milesplit.com/meets/253403-davis-open-region-meet-2016/results,2016,9,UT,HS,XC
Region 11 open region meet,https://ut.milesplit.com/meets/253384-region-11-open-region-meet-2016/results,2016,9,UT,HS,XC
Sanpete Cross Country Classic,https://ut.milesplit.com/meets/253589-sanpete-cross-country-classic-2016/results,2016,9,UT,HS,XC
Bob Firman Invitational,https://id.milesplit.com/meets/242967-bob-firman-invitational-2016/results,2016,9,UT,HS,XC
Nike Portland XC Invite,https://or.milesplit.com/meets/227297-nike-portland-xc-invite-2016/results,2016,9,UT,HS,XC
Pagosa Springs Wolf Creek Invitational,https://co.milesplit.com/meets/248395-pagosa-springs-wolf-creek-invitational-2016/results,2016,9,UT,HS,XC
Royal Run XC Challenge,https://ut.milesplit.com/meets/253119-royal-run-xc-challenge-2016/results,2016,9,UT,HS,XC
Nebo XC Invitational,https://ut.milesplit.com/meets/253118-nebo-xc-invitational-2016/results,2016,9,UT,HS,XC
Carbon Invitational,https://ut.milesplit.com/meets/253120-carbon-invitational-2016/results,2016,9,UT,HS,XC
Region 10 XC Meet,https://ut.milesplit.com/meets/252879-region-10-xc-meet-2016/results,2016,9,UT,HS,XC
Region 11 Meet,https://ut.milesplit.com/meets/252880-region-11-meet-2016/results,2016,9,UT,HS,XC
Pleasant Grove Viking Invitational,https://ut.milesplit.com/meets/252543-pleasant-grove-viking-invitational-2016/results,2016,9,UT,HS,XC
Shiprock Invitational,https://nm.milesplit.com/meets/247238-shiprock-cross-country-invitational-2016/results,2016,9,UT,HS,XC
UIAAA Invitational,https://ut.milesplit.com/meets/252430-uiaaa-invitational-2016/results,2016,9,UT,HS,XC
Wasatch Rendezvous,https://ut.milesplit.com/meets/252440-wasatch-rendezvous-2016/results,2016,9,UT,HS,XC
Cache Box Invitational,https://ut.milesplit.com/meets/252436-cache-box-invitational-2016/results,2016,9,UT,HS,XC
Hurricane XC Invitational,https://ut.milesplit.com/meets/252442-hurricane-xc-invitational-2016/results,2016,9,UT,HS,XC
Juab Yuba Invitational,https://ut.milesplit.com/meets/252435-juab-yuba-invitational-2016/results,2016,9,UT,HS,XC
Ogden/Weber City County Meet,https://ut.milesplit.com/meets/252441-ogdenweber-city-county-meet-2016/results,2016,9,UT,HS,XC
Pine View vs Desert Hills,https://ut.milesplit.com/meets/252439-pine-view-vs-desert-hills-2016/results,2016,9,UT,HS,XC
Larry Burgess Invitational,https://nv.milesplit.com/meets/247056-larry-burgess-invitational-2016/results,2016,9,UT,HS,XC
Murray Invitational,https://ut.milesplit.com/meets/251763-murray-invitational-2016/results,2016,9,UT,HS,XC
Stewart Foster Invitational,https://ut.milesplit.com/meets/251935-stewart-foster-invitational-2016/results,2016,9,UT,HS,XC
Region 10/11 Pre Region,https://ut.milesplit.com/meets/251686-region-1011-pre-region-2016/results,2016,9,UT,HS,XC
Uintah Invitational,https://ut.milesplit.com/meets/251880-uintah-invitational-2016/results,2016,9,UT,HS,XC
BYU Autumn Classic,https://ut.milesplit.com/meets/242965-byu-autumn-classic-2016/results,2016,9,UT,HS,XC
Utah County Invitational,https://ut.milesplit.com/meets/251475-utah-county-invitational-2016/results,2016,9,UT,HS,XC
Loyd's Lake Classic,https://ut.milesplit.com/meets/249352-loyds-lake-classic-2016/results,2016,9,UT,HS,XC
Twilight Classic,https://nv.milesplit.com/meets/249811-twilight-classic-2016/results,2016,9,UT,HS,XC
Utah State Aggie Invitational,https://ut.milesplit.com/meets/251381-utah-state-aggie-invitational-2016/results,2016,9,UT,HS,XC
Utah State XC Championship,https://ut.milesplit.com/meets/242968-utah-state-xc-championship-2016/results,2016,10,UT,HS,XC
Utah Region 16 Championship,https://ut.milesplit.com/meets/254386-utah-region-16-championship-2016/results,2016,10,UT,HS,XC
Region 18 Championships,https://ut.milesplit.com/meets/254382-region-18-championships-2016/results,2016,10,UT,HS,XC
Utah Region 10 Championships,https://ut.milesplit.com/meets/254384-utah-region-10-championships-2016/results,2016,10,UT,HS,XC
Utah Region 11 Championship,https://ut.milesplit.com/meets/254385-utah-region-11-championship-2016/results,2016,10,UT,HS,XC
Utah Region 9 Championships,https://ut.milesplit.com/meets/254383-utah-region-9-championships-2016/results,2016,10,UT,HS,XC
Utah Region 3 Championships,https://ut.milesplit.com/meets/254379-utah-region-3-championships-2016/results,2016,10,UT,HS,XC
Ancient Trails Invitational,https://co.milesplit.com/meets/248398-ancient-trails-invitational-2016/results,2016,10,UT,HS,XC
Region 5 Championship,https://ut.milesplit.com/meets/254292-region-5-championship-2016/results,2016,10,UT,HS,XC
Region 6 Championships,https://ut.milesplit.com/meets/254005-region-6-championships-2016/results,2016,10,UT,HS,XC
Region 7 Championships,https://ut.milesplit.com/meets/254004-region-7-championships-2016/results,2016,10,UT,HS,XC
Region 8 Championships,https://ut.milesplit.com/meets/254006-region-8-championships-2016/results,2016,10,UT,HS,XC
Utah Region 2 Championship,https://ut.milesplit.com/meets/254295-utah-region-2-championship-2016/results,2016,10,UT,HS,XC
Utah Region 4 Championships,https://ut.milesplit.com/meets/254293-utah-region-4-championships-2016/results,2016,10,UT,HS,XC
John Thornton Invitational,https://ut.milesplit.com/meets/251598-john-thornton-invitational-2016/results,2016,10,UT,HS,XC
Region 11 Open meet,https://ut.milesplit.com/meets/254002-region-11-open-meet-2016/results,2016,10,UT,HS,XC
Titan Invitational XC,https://ut.milesplit.com/meets/254003-titan-invitational-xc-2016/results,2016,10,UT,HS,XC
Chicken Creek Challenge,https://co.milesplit.com/meets/246516-chicken-creek-challenge-2016/results,2016,10,UT,HS,XC
Cross Country Coaches National Youth Championships,https://ky.milesplit.com/meets/256075-cross-country-coaches-national-youth-championships-2016/results,2016,11,UT,HS,XC
Nike Cross Nationals Southwest Regional,https://www.milesplit.com/meets/227307-nike-cross-nationals-southwest-regional-2016/results,2016,11,UT,HS,XC
NACA Cross-Country Championships,https://tn.milesplit.com/meets/254813-naca-cross-country-championships-2016/results,2016,11,UT,HS,XC
UHSTCA Pre-Foot Locker Invitational,https://ut.milesplit.com/meets/256978-uhstca-pre-foot-locker-invitational-2016/results,2016,11,UT,HS,XC
Open Region 13 @ Morgan,https://ut.milesplit.com/meets/288794-open-region-13-morgan-2017/results,2017,8,UT,HS,XC
Pre Region 4 Meet,https://ut.milesplit.com/meets/290125-pre-region-4-meet-2017/results,2017,8,UT,HS,XC
Pre Region 7 Meet,https://ut.milesplit.com/meets/289933-pre-region-7-meet-2017/results,2017,8,UT,HS,XC
Red Rock Invitational,https://ut.milesplit.com/meets/287846-red-rock-invitational-2017/results,2017,8,UT,HS,XC
Pre Region 8 Meet,https://ut.milesplit.com/meets/288484-pre-region-8-meet-2017/results,2017,8,UT,HS,XC
SUU High School Invite,https://ut.milesplit.com/meets/289672-suu-high-school-invite-2017/results,2017,8,UT,HS,XC
Westlake Grass Relays,https://ut.milesplit.com/meets/287843-westlake-grass-relays-2017/results,2017,8,UT,HS,XC
Loyd's Lake Classic,https://ut.milesplit.com/meets/287841-loyds-lake-classic-2017/results,2017,8,UT,HS,XC
Payson Night Hunt,https://ut.milesplit.com/meets/288612-payson-night-hunt-2017/results,2017,8,UT,HS,XC
The 'Chase',https://ut.milesplit.com/meets/289632-the-chase-2017/results,2017,8,UT,HS,XC
Pre Region 10 Meet,https://ut.milesplit.com/meets/288494-pre-region-10-meet-2017/results,2017,8,UT,HS,XC
Pre Region 2 Meet,https://ut.milesplit.com/meets/289532-pre-region-2-meet-2017/results,2017,8,UT,HS,XC
Pre Region 8 Meet,https://ut.milesplit.com/meets/290432-pre-region-8-meet-2017/results,2017,8,UT,HS,XC
Highland XC Invitational,https://ut.milesplit.com/meets/287840-highland-xc-invitational-2017/results,2017,8,UT,HS,XC
Dart Challenge,https://ut.milesplit.com/meets/289161-dart-challenge-2017/results,2017,8,UT,HS,XC
Premier Invitational,https://ut.milesplit.com/meets/288091-premier-cross-country-invitational-2017/results,2017,8,UT,HS,XC
Chicken Creek Challenge,https://co.milesplit.com/meets/285850-chicken-creek-challenge-2017/results,2017,9,UT,HS,XC
Cedar XC Invitational,https://ut.milesplit.com/meets/285629-cedar-xc-invitational-2017/results,2017,9,UT,HS,XC
Desert Twilight XC Festival,https://az.milesplit.com/meets/284231-desert-twilight-xc-festival-2017/results,2017,9,UT,HS,XC
Park City XC Invitational,https://ut.milesplit.com/meets/285636-park-city-xc-invitational-2017/results,2017,9,UT,HS,XC
Red Devil Invitational,https://ut.milesplit.com/meets/289422-red-devil-invitational-2017/results,2017,9,UT,HS,XC
Cache Box Invitational,https://ut.milesplit.com/meets/292395-cache-box-invitational-2017/results,2017,9,UT,HS,XC
Sanpete Cross Country Classic,https://ut.milesplit.com/meets/287861-sanpete-cross-country-classic-2017/results,2017,9,UT,HS,XC
Bob Firman Invitational,https://www.milesplit.com/meets/284032-bob-firman-invitational-2017/results,2017,9,UT,HS,XC
Pagosa Springs Challenge,https://co.milesplit.com/meets/286166-pagosa-springs-cross-country-challenge-2017/results,2017,9,UT,HS,XC
Wasatch Rendezvous,https://ut.milesplit.com/meets/285314-wasatch-rendezvous-2017/results,2017,9,UT,HS,XC
Nebo XC Invitational,https://ut.milesplit.com/meets/285247-nebo-xc-invitational-2017/results,2017,9,UT,HS,XC
Royal Run Invitational,https://ut.milesplit.com/meets/287859-royal-run-cross-country-invitational-2017/results,2017,9,UT,HS,XC
Salt Lake XC Classic,https://ut.milesplit.com/meets/287857-salt-lake-xc-classic-2017/results,2017,9,UT,HS,XC
Carbon Invitational,https://ut.milesplit.com/meets/287856-carbon-invitational-2017/results,2017,9,UT,HS,XC
Open Region 11 @ Dino Park,https://ut.milesplit.com/meets/291849-open-region-11-dino-park-2017/results,2017,9,UT,HS,XC
Open Region Judge,https://ut.milesplit.com/meets/291850-open-region-judge-2017/results,2017,9,UT,HS,XC
Stewart Foster Invitational,https://ut.milesplit.com/meets/287855-stewart-foster-invitational-2017/results,2017,9,UT,HS,XC
BYU Autumn Classic,https://ut.milesplit.com/meets/287854-byu-autumn-classic-2017/results,2017,9,UT,HS,XC
Shiprock Invitational,https://nm.milesplit.com/meets/288174-shiprock-cross-country-invitational-2017/results,2017,9,UT,HS,XC
UIAAA Invitational,https://ut.milesplit.com/meets/284759-uiaaa-invitational-2017/results,2017,9,UT,HS,XC
Region 12 Open,https://ut.milesplit.com/meets/291178-region-12-open-2017/results,2017,9,UT,HS,XC
Hurricane XC Invitational,https://ut.milesplit.com/meets/287849-hurricane-xc-invitational-2017/results,2017,9,UT,HS,XC
Open Region 11,https://ut.milesplit.com/meets/291176-open-region-11-2017/results,2017,9,UT,HS,XC
Open Region 13 @ Grantsville,https://ut.milesplit.com/meets/290991-open-region-13-grantsville-2017/results,2017,9,UT,HS,XC
Uintah Invitational,https://ut.milesplit.com/meets/291014-uintah-invitational-2017/results,2017,9,UT,HS,XC
Weber City County Meet,https://ut.milesplit.com/meets/287852-weber-city-county-meet-2017/results,2017,9,UT,HS,XC
Larry Burgess Invitational,https://nv.milesplit.com/meets/284469-larry-burgess-invitational-2017/results,2017,9,UT,HS,XC
Wasatch XC Invitational,https://ut.milesplit.com/meets/284504-wasatch-xc-invitational-2017/results,2017,9,UT,HS,XC
Murray Invitational,https://ut.milesplit.com/meets/287848-murray-invitational-2017/results,2017,9,UT,HS,XC
Region 11 and 13 Pre Region,https://ut.milesplit.com/meets/290434-region-11-and-13-pre-region-2017/results,2017,9,UT,HS,XC
Region 12 Green Canyon,https://ut.milesplit.com/meets/290435-region-12-green-canyon-2017/results,2017,9,UT,HS,XC
Richfield Open Invitational,https://ut.milesplit.com/meets/290256-richfield-open-invitational-2017/results,2017,9,UT,HS,XC
Pre Region 3 Meet,https://ut.milesplit.com/meets/290196-pre-region-3-meet-2017/results,2017,9,UT,HS,XC
Utah County Invitational,https://ut.milesplit.com/meets/284295-utah-county-invitational-2017/results,2017,9,UT,HS,XC
Utah State XC Championship,https://ut.milesplit.com/meets/287871-utah-state-xc-championship-2017/results,2017,10,UT,HS,XC
Region 11 Championships,https://ut.milesplit.com/meets/293130-region-11-championships-2017/results,2017,10,UT,HS,XC
Region 19 Championship,https://ut.milesplit.com/meets/293525-region-19-championship-2017/results,2017,10,UT,HS,XC
Region 21 Championships,https://ut.milesplit.com/meets/293444-region-21-championships-2017/results,2017,10,UT,HS,XC
Utah Region 13 Championships,https://ut.milesplit.com/meets/286884-utah-region-13-xc-championships-2017/results,2017,10,UT,HS,XC
Utah Region 14 Championships,https://ut.milesplit.com/meets/287870-utah-region-14-championships-2017/results,2017,10,UT,HS,XC
Utah Region 16 Championship,https://ut.milesplit.com/meets/293749-utah-region-16-championship-2017/results,2017,10,UT,HS,XC
Region 12 Championships,https://ut.milesplit.com/meets/293131-region-12-championships-2017/results,2017,10,UT,HS,XC
Region 3 Championships,https://ut.milesplit.com/meets/293132-region-3-championships-2017/results,2017,10,UT,HS,XC
Region 9 Championships,https://ut.milesplit.com/meets/293129-region-9-championships-2017/results,2017,10,UT,HS,XC
Utah Region 15 Championship,https://ut.milesplit.com/meets/293446-utah-region-15-cross-country-championship-2017/results,2017,10,UT,HS,XC
Ancient Trails Invitational,https://co.milesplit.com/meets/283993-ancient-trails-invitational-2017/results,2017,10,UT,HS,XC
Region 1 Championships,https://ut.milesplit.com/meets/292632-region-1-championships-2017/results,2017,10,UT,HS,XC
Region 10 Championships,https://ut.milesplit.com/meets/287863-region-10-championships-2017/results,2017,10,UT,HS,XC
Region 4 Championships,https://ut.milesplit.com/meets/293157-region-4-championships-2017/results,2017,10,UT,HS,XC
Region 5 Championship,https://ut.milesplit.com/meets/287865-region-5-championship-2017/results,2017,10,UT,HS,XC
Region 6 Championships,https://ut.milesplit.com/meets/287867-region-6-championships-2017/results,2017,10,UT,HS,XC
Region 7 Championships,https://ut.milesplit.com/meets/292633-region-7-championships-2017/results,2017,10,UT,HS,XC
Region 8 Championships,https://ut.milesplit.com/meets/287868-region-8-championships-2017/results,2017,10,UT,HS,XC
Utah Region 2 Championship,https://ut.milesplit.com/meets/286126-utah-region-2-championship-2017/results,2017,10,UT,HS,XC
Catholic School Championships,https://ut.milesplit.com/meets/285907-catholic-school-championships-2017/results,2017,10,UT,HS,XC
Titan Invitational XC,https://ut.milesplit.com/meets/293043-titan-invitational-xc-2017/results,2017,10,UT,HS,XC
Cross Country Coaches National Youth Championships,https://ky.milesplit.com/meets/285452-cross-country-coaches-national-youth-championships-2017/results,2017,11,UT,HS,XC
Nike Cross Regionals - Southwest,https://www.milesplit.com/meets/283726-nike-cross-regionals-southwest-2017/results,2017,11,UT,HS,XC
NACA Cross-Country Championships,https://tn.milesplit.com/meets/289250-naca-cross-country-championships-2017/results,2017,11,UT,HS,XC
UHSTCA Pre-Foot Locker Invitational,https://ut.milesplit.com/meets/295186-uhstca-pre-foot-locker-invitational-2017/results,2017,11,UT,HS,XC
Loyd's Lake Classic,https://ut.milesplit.com/meets/324595-loyds-lake-classic-2018/results,2018,8,UT,HS,XC
Weber State XC Invitational,https://ut.milesplit.com/meets/324304-weber-state-xc-invitational-2018/results,2018,8,UT,HS,XC
Pre Region 13 Meet,https://ut.milesplit.com/meets/328308-pre-region-13-meet-2018/results,2018,8,UT,HS,XC
Pre Region 4 Meet,https://ut.milesplit.com/meets/328216-pre-region-4-meet-2018/results,2018,8,UT,HS,XC
Pre Region 8 Meet,https://ut.milesplit.com/meets/328176-pre-region-8-meet-2018/results,2018,8,UT,HS,XC
Salem Hills Quad,https://ut.milesplit.com/meets/328127-salem-hills-quad-2018/results,2018,8,UT,HS,XC
SUU High School Invite,https://ut.milesplit.com/meets/326314-suu-high-school-invite-2018/results,2018,8,UT,HS,XC
Westlake Grass Relays,https://ut.milesplit.com/meets/326313-westlake-grass-relays-2018/results,2018,8,UT,HS,XC
ROYAL RUN - XC Invitational,https://ut.milesplit.com/meets/323157-royal-run-xc-invitational-2018/results,2018,8,UT,HS,XC
Badger Invitational,https://ut.milesplit.com/meets/324303-badger-invitational-2018/results,2018,8,UT,HS,XC
Pre Region 11 Meet,https://ut.milesplit.com/meets/327817-pre-region-11-meet-2018/results,2018,8,UT,HS,XC
Pre Region 10 Meet,https://ut.milesplit.com/meets/327741-pre-region-10-meet-2018/results,2018,8,UT,HS,XC
Region 12 Bear River Meet,https://ut.milesplit.com/meets/327601-region-12-bear-river-meet-2018/results,2018,8,UT,HS,XC
Highland Invitational,https://ut.milesplit.com/meets/323156-highland-invitational-2018/results,2018,8,UT,HS,XC
Premier Invitational,https://ut.milesplit.com/meets/325906-premier-invitational-2018/results,2018,8,UT,HS,XC
Chicken Creek Challenge,https://co.milesplit.com/meets/323324-chicken-creek-challenge-2018/results,2018,9,UT,HS,XC
Cedar XC Invitational,https://ut.milesplit.com/meets/330714-cedar-xc-invitational-2018/results,2018,9,UT,HS,XC
Nike Desert Twilight Festival,https://az.milesplit.com/meets/324969-nike-desert-twilight-festival-2018/results,2018,9,UT,HS,XC
Park City XC Invitational,https://ut.milesplit.com/meets/324603-park-city-xc-invitational-2018/results,2018,9,UT,HS,XC
Cache Box Invitational,https://ut.milesplit.com/meets/330732-cache-box-invitational-2018/results,2018,9,UT,HS,XC
John Thornton Invitational,https://ut.milesplit.com/meets/324602-john-thornton-invitational-2018/results,2018,9,UT,HS,XC
Red Devil Invitational,https://ut.milesplit.com/meets/330487-red-devil-invitational-2018/results,2018,9,UT,HS,XC
Region 14 Pre-Region Meet,https://ut.milesplit.com/meets/325207-region-14-pre-region-meet-2018/results,2018,9,UT,HS,XC
Monument Valley Cougar Meet,https://ut.milesplit.com/meets/330283-monument-valley-cougar-meet-2018/results,2018,9,UT,HS,XC
Pagosa Springs Challenge,https://co.milesplit.com/meets/320357-pagosa-springs-cross-country-challenge-2018/results,2018,9,UT,HS,XC
Wasatch Rendezvous,https://ut.milesplit.com/meets/330315-wasatch-rendezvous-2018/results,2018,9,UT,HS,XC
Bob Firman Invitational,https://www.milesplit.com/meets/303755-bob-firman-invitational-2018/results,2018,9,UT,HS,XC
Nebo XC Invitational,https://ut.milesplit.com/meets/329887-nebo-xc-invitational-2018/results,2018,9,UT,HS,XC
Salt Lake XC Classic,https://ut.milesplit.com/meets/324600-salt-lake-xc-classic-2018/results,2018,9,UT,HS,XC
Carbon Invitational,https://ut.milesplit.com/meets/324599-carbon-invitational-2018/results,2018,9,UT,HS,XC
Region 13 Open @ Judge,https://ut.milesplit.com/meets/329988-region-13-open-judge-2018/results,2018,9,UT,HS,XC
"Region II Tri-Meet Kearns, Hunter, Granger",https://ut.milesplit.com/meets/329967-region-ii-tri-meet-kearns-hunter-granger-2018/results,2018,9,UT,HS,XC
Stewart Foster Invitational,https://ut.milesplit.com/meets/326315-stewart-foster-invitational-2018/results,2018,9,UT,HS,XC
BYU Autumn Classic,https://ut.milesplit.com/meets/324598-byu-autumn-classic-2018/results,2018,9,UT,HS,XC
Woodbridge Classic,https://ca.milesplit.com/meets/323909-woodbridge-cross-country-classic-2018/results,2018,9,UT,HS,XC
Copper Hills Tri,https://ut.milesplit.com/meets/329490-copper-hills-tri-2018/results,2018,9,UT,HS,XC
Davis County Invitational,https://ut.milesplit.com/meets/329463-davis-county-invitational-2018/results,2018,9,UT,HS,XC
Hurricane XC Invitational,https://ut.milesplit.com/meets/329446-hurricane-xc-invitational-2018/results,2018,9,UT,HS,XC
Juab Yuba Invitational,https://ut.milesplit.com/meets/329450-juab-yuba-invitational-2018/results,2018,9,UT,HS,XC
Region 11 Open,https://ut.milesplit.com/meets/329354-region-11-open-2018/results,2018,9,UT,HS,XC
Region 12 Green Canyon,https://ut.milesplit.com/meets/329434-region-12-green-canyon-2018/results,2018,9,UT,HS,XC
Region 13 Open Region @ Grantsville,https://ut.milesplit.com/meets/329326-region-13-open-region-grantsville-2018/results,2018,9,UT,HS,XC
Uintah Invitational,https://ut.milesplit.com/meets/329433-uintah-invitational-2018/results,2018,9,UT,HS,XC
Weber City County Meet,https://ut.milesplit.com/meets/329448-weber-city-county-meet-2018/results,2018,9,UT,HS,XC
Weber City Invitational,https://ia.milesplit.com/meets/329313-weber-city-invitational-2018/results,2018,9,UT,HS,XC
Wasatch XC Invitational,https://ut.milesplit.com/meets/324597-wasatch-xc-invitational-2018/results,2018,9,UT,HS,XC
Murray Invitational,https://ut.milesplit.com/meets/324305-murray-invitational-2018/results,2018,9,UT,HS,XC
Payson Night Hunt,https://ut.milesplit.com/meets/325206-payson-night-hunt-2018/results,2018,9,UT,HS,XC
Pre-Region - Region 11 and 13,https://ut.milesplit.com/meets/328726-pre-region-region-11-and-13-2018/results,2018,9,UT,HS,XC
Region 2 Quad,https://ut.milesplit.com/meets/328725-region-2-quad-2018/results,2018,9,UT,HS,XC
Pre Region 3 Meet,https://ut.milesplit.com/meets/325204-pre-region-3-meet-2018/results,2018,9,UT,HS,XC
Utah County XC Invitational,https://ut.milesplit.com/meets/323158-utah-county-xc-invitational-2018/results,2018,9,UT,HS,XC
Utah State XC Championship,https://ut.milesplit.com/meets/325212-utah-state-xc-championship-2018/results,2018,10,UT,HS,XC
Region 11 Championships,https://ut.milesplit.com/meets/332183-region-11-championships-2018/results,2018,10,UT,HS,XC
Region 19 Championship,https://ut.milesplit.com/meets/332151-region-19-championship-2018/results,2018,10,UT,HS,XC
Region 21 Championships,https://ut.milesplit.com/meets/332153-region-21-championships-2018/results,2018,10,UT,HS,XC
Utah Region 13 Championships,https://ut.milesplit.com/meets/332182-utah-region-13-xc-championships-2018/results,2018,10,UT,HS,XC
Utah Region 14 Championships,https://ut.milesplit.com/meets/324609-utah-region-14-championships-2018/results,2018,10,UT,HS,XC
Utah Region 17 Championships,https://ut.milesplit.com/meets/332300-utah-region-17-championships-2018/results,2018,10,UT,HS,XC
Region 12 Championships,https://ut.milesplit.com/meets/332011-region-12-championships-2018/results,2018,10,UT,HS,XC
Region 3 Championships,https://ut.milesplit.com/meets/325211-region-3-championships-2018/results,2018,10,UT,HS,XC
Region 9 Championships,https://ut.milesplit.com/meets/331492-region-9-championships-2018/results,2018,10,UT,HS,XC
Utah Region 15 Championship,https://ut.milesplit.com/meets/324608-utah-region-15-cross-country-championship-2018/results,2018,10,UT,HS,XC
Ancient Trails Invitational,https://co.milesplit.com/meets/322484-ancient-trails-invitational-2018/results,2018,10,UT,HS,XC
Region 1 Championships,https://ut.milesplit.com/meets/331602-region-1-championships-2018/results,2018,10,UT,HS,XC
Region 10 Championships,https://ut.milesplit.com/meets/331493-region-10-championships-2018/results,2018,10,UT,HS,XC
Region 2 Championships,https://ut.milesplit.com/meets/331601-region-2-championships-2018/results,2018,10,UT,HS,XC
Region 5 Championship,https://ut.milesplit.com/meets/324606-region-5-cross-country-championship-2018/results,2018,10,UT,HS,XC
Region 6 Championships,https://ut.milesplit.com/meets/324607-region-6-championships-2018/results,2018,10,UT,HS,XC
Region 7 Championships,https://ut.milesplit.com/meets/325210-region-7-championships-2018/results,2018,10,UT,HS,XC
Region 4 Championships,https://ut.milesplit.com/meets/331494-region-4-championships-2018/results,2018,10,UT,HS,XC
Region 8 Championships,https://ut.milesplit.com/meets/331491-region-8-championships-2018/results,2018,10,UT,HS,XC
Catholic Schools Championships,https://ut.milesplit.com/meets/331437-catholic-schools-championships-2018/results,2018,10,UT,HS,XC
Titan Invitational XC,https://ut.milesplit.com/meets/325208-titan-invitational-xc-2018/results,2018,10,UT,HS,XC
Union Invitational,https://ut.milesplit.com/meets/324605-union-invitational-2018/results,2018,10,UT,HS,XC
Sanpete Classic,https://ut.milesplit.com/meets/324604-sanpete-classic-2018/results,2018,10,UT,HS,XC
Nike Cross Regionals - Southwest,https://www.milesplit.com/meets/303102-nike-cross-regionals-southwest-2018/results,2018,11,UT,HS,XC
UHSTCA Pre-Foot Locker Invitational,https://ut.milesplit.com/meets/334381-uhstca-pre-foot-locker-invitational-2018/results,2018,11,UT,HS,XC
Loyd's Lake Classic,https://ut.milesplit.com/meets/351208-loyds-lake-classic-2019/results,2019,8,UT,HS,XC
Timpanogos XC Invitational,https://ut.milesplit.com/meets/362760-timpanogos-xc-invitational-2019/results,2019,8,UT,HS,XC
Weber State XC Invitational,https://ut.milesplit.com/meets/362761-weber-state-xc-invitational-2019/results,2019,8,UT,HS,XC
Pre Region 10 Meet,https://ut.milesplit.com/meets/366245-pre-region-10-meet-2019/results,2019,8,UT,HS,XC
Pre Region 4 Meet,https://ut.milesplit.com/meets/363253-pre-region-4-meet-2019/results,2019,8,UT,HS,XC
Region 13 Open @ Judge,https://ut.milesplit.com/meets/366717-region-13-open-judge-2019/results,2019,8,UT,HS,XC
SUU High School Invite,https://ut.milesplit.com/meets/363229-suu-high-school-invite-2019/results,2019,8,UT,HS,XC
Westlake Grass Relays,https://ut.milesplit.com/meets/363252-westlake-grass-relays-2019/results,2019,8,UT,HS,XC
Pre Region 7 Meet,https://ut.milesplit.com/meets/366242-pre-region-7-meet-2019/results,2019,8,UT,HS,XC
Pre Region 13 Meet,https://ut.milesplit.com/meets/363247-pre-region-13-meet-2019/results,2019,8,UT,HS,XC
Pre Region 8 Meet,https://ut.milesplit.com/meets/366240-pre-region-8-meet-2019/results,2019,8,UT,HS,XC
Bears Twilight HOKA,https://ut.milesplit.com/meets/364084-bears-twilight-hoka-2019/results,2019,8,UT,HS,XC
Premier Invitational,https://ut.milesplit.com/meets/364577-premier-invitational-2019/results,2019,8,UT,HS,XC
Cedar All Comers,https://ut.milesplit.com/meets/366239-cedar-all-comers-2019/results,2019,8,UT,HS,XC
Highland Invitational,https://ut.milesplit.com/meets/362759-highland-invitational-2019/results,2019,8,UT,HS,XC
World Para Athletics Junior Championships,https://www.milesplit.com/meets/364932-2019-world-para-athletics-junior-championships-2019/results,2019,8,UT,HS,XC
Canyon View Invite,https://ut.milesplit.com/meets/369373-canyon-view-invite-2019/results,2019,9,UT,HS,XC
Chicken Creek Challenge,https://co.milesplit.com/meets/361342-chicken-creek-challenge-2019/results,2019,9,UT,HS,XC
Cache Box Invitational,https://ut.milesplit.com/meets/370112-cache-box-invitational-2019/results,2019,9,UT,HS,XC
Nike Desert Twilight Festival,https://az.milesplit.com/meets/362847-nike-desert-twilight-festival-2019/results,2019,9,UT,HS,XC
Park City XC Invitational,https://ut.milesplit.com/meets/362769-park-city-xc-invitational-2019/results,2019,9,UT,HS,XC
UIAAA Invitational,https://ut.milesplit.com/meets/363237-uiaaa-invitational-2019/results,2019,9,UT,HS,XC
Cedar Valley Meet,https://ut.milesplit.com/meets/369904-cedar-valley-meet-2019/results,2019,9,UT,HS,XC
John Thornton Invitational,https://ut.milesplit.com/meets/362768-john-thornton-invitational-2019/results,2019,9,UT,HS,XC
Open Region 13 @ Grantsville Reservoir,https://ut.milesplit.com/meets/369839-open-region-13-grantsville-reservoir-2019/results,2019,9,UT,HS,XC
Red Devil Invitational,https://ut.milesplit.com/meets/366577-red-devil-invitational-2019/results,2019,9,UT,HS,XC
Bob Firman Invitational,https://id.milesplit.com/meets/363255-bob-firman-invitational-2019/results,2019,9,UT,HS,XC
Pagosa Springs Challenge,https://co.milesplit.com/meets/355924-pagosa-springs-cross-country-challenge-2019/results,2019,9,UT,HS,XC
Pleasant Grove Viking Invitational,https://ut.milesplit.com/meets/363240-pleasant-grove-viking-invitational-2019/results,2019,9,UT,HS,XC
ROYAL RUN - XC Invitational,https://ut.milesplit.com/meets/364594-royal-run-xc-invitational-2019/results,2019,9,UT,HS,XC
Woodbridge Classic,https://ca.milesplit.com/meets/365348-woodbridge-cross-country-classic-2019/results,2019,9,UT,HS,XC
Carbon Invitational,https://ut.milesplit.com/meets/362767-carbon-invitational-2019/results,2019,9,UT,HS,XC
Kanab Invitational,https://ut.milesplit.com/meets/369040-kanab-invitational-2019/results,2019,9,UT,HS,XC
Region 10 @ Ben Lomond,https://ut.milesplit.com/meets/369086-region-10-ben-lomond-2019/results,2019,9,UT,HS,XC
Region 12 Green Canyon,https://ut.milesplit.com/meets/369080-region-12-green-canyon-2019/results,2019,9,UT,HS,XC
BYU Autumn Classic,https://ut.milesplit.com/meets/362766-byu-autumn-classic-2019/results,2019,9,UT,HS,XC
Hurricane XC Invitational,https://ut.milesplit.com/meets/363232-hurricane-xc-invitational-2019/results,2019,9,UT,HS,XC
Pre Region 11 Meet,https://ut.milesplit.com/meets/363249-pre-region-11-meet-2019/results,2019,9,UT,HS,XC
Providence Hall Meet,https://ut.milesplit.com/meets/368354-providence-hall-meet-2019/results,2019,9,UT,HS,XC
Red Rock XC Invitational,https://ut.milesplit.com/meets/362765-red-rock-xc-invitational-2019/results,2019,9,UT,HS,XC
Uintah Invitational,https://ut.milesplit.com/meets/368364-uintah-invitational-2019/results,2019,9,UT,HS,XC
Weber City/County Championships,https://ut.milesplit.com/meets/363267-weber-citycounty-xc-championships-2019/results,2019,9,UT,HS,XC
Stewart Foster Invitational,https://ut.milesplit.com/meets/363230-stewart-foster-invitational-2019/results,2019,9,UT,HS,XC
Wasatch XC Invitational,https://ut.milesplit.com/meets/362764-wasatch-xc-invitational-2019/results,2019,9,UT,HS,XC
Murray Invitational,https://ut.milesplit.com/meets/362763-murray-invitational-2019/results,2019,9,UT,HS,XC
Payson Night Hunt,https://ut.milesplit.com/meets/367903-payson-night-hunt-2019/results,2019,9,UT,HS,XC
Badger Invitational,https://ut.milesplit.com/meets/362762-badger-invitational-2019/results,2019,9,UT,HS,XC
Region 10 and 13 Pre-Region,https://ut.milesplit.com/meets/367572-region-10-and-13-pre-region-2019/results,2019,9,UT,HS,XC
Pre Region 3 Meet,https://ut.milesplit.com/meets/367326-pre-region-3-meet-2019/results,2019,9,UT,HS,XC
Utah State XC Championships,https://ut.milesplit.com/meets/362771-utah-state-xc-championships-2019/results,2019,10,UT,HS,XC
Region 18 Championships,https://ut.milesplit.com/meets/372280-region-18-championships-2019/results,2019,10,UT,HS,XC
Region 13 Championships,https://ut.milesplit.com/meets/370835-region-13-championships-2019/results,2019,10,UT,HS,XC
Region 14 Championships,https://ut.milesplit.com/meets/371022-region-14-championships-2019/results,2019,10,UT,HS,XC
Region 19 Championships,https://ut.milesplit.com/meets/372178-region-19-championships-2019/results,2019,10,UT,HS,XC
Region 21 Championships,https://ut.milesplit.com/meets/363244-region-21-championships-2019/results,2019,10,UT,HS,XC
Region 11 Championships,https://ut.milesplit.com/meets/371021-region-11-championships-2019/results,2019,10,UT,HS,XC
Region 12 Championships,https://ut.milesplit.com/meets/371018-region-12-championships-2019/results,2019,10,UT,HS,XC
Region 17 Championships,https://ut.milesplit.com/meets/372288-region-17-championships-2019/results,2019,10,UT,HS,XC
Region 9 Championships,https://ut.milesplit.com/meets/369379-region-9-championships-2019/results,2019,10,UT,HS,XC
Region 10 Championships,https://ut.milesplit.com/meets/369377-region-10-championships-2019/results,2019,10,UT,HS,XC
Region 2 Championships,https://ut.milesplit.com/meets/369383-region-2-championships-2019/results,2019,10,UT,HS,XC
Region 4 Championships,https://ut.milesplit.com/meets/363257-region-4-championships-2019/results,2019,10,UT,HS,XC
Region 5 Championships,https://ut.milesplit.com/meets/363243-region-5-championships-2019/results,2019,10,UT,HS,XC
Region 6 Championships,https://ut.milesplit.com/meets/362770-region-6-championships-2019/results,2019,10,UT,HS,XC
Region 7 Championships,https://ut.milesplit.com/meets/371017-region-7-championships-2019/results,2019,10,UT,HS,XC
Region 8 Championships,https://ut.milesplit.com/meets/369374-region-8-championships-2019/results,2019,10,UT,HS,XC
Region 1 Championships,https://ut.milesplit.com/meets/363268-region-1-championships-2019/results,2019,10,UT,HS,XC
Titan Invitational XC,https://ut.milesplit.com/meets/363241-titan-invitational-xc-2019/results,2019,10,UT,HS,XC
Region 3 Championships,https://ut.milesplit.com/meets/371015-region-3-championships-2019/results,2019,10,UT,HS,XC
Ancient Trails Invitational,https://co.milesplit.com/meets/361596-ancient-trails-invitational-2019/results,2019,10,UT,HS,XC
Cedar XC Invitational,https://ut.milesplit.com/meets/363256-cedar-xc-invitational-2019/results,2019,10,UT,HS,XC
Catholic Schools Championships,https://ut.milesplit.com/meets/370614-catholic-schools-championships-2019/results,2019,10,UT,HS,XC
Sanpete Classic,https://ut.milesplit.com/meets/363238-sanpete-classic-2019/results,2019,10,UT,HS,XC
Timpview Invite,https://ut.milesplit.com/meets/363017-timpview-invite-2019/results,2019,10,UT,HS,XC
Nike Cross Nationals Southwest Regional,https://www.milesplit.com/meets/357648-nike-cross-nationals-southwest-regional-2019/results,2019,11,UT,HS,XC
UHSTCA Pre-Foot Locker Invitational,https://ut.milesplit.com/meets/374345-uhstca-pre-foot-locker-invitational-2019/results,2019,11,UT,HS,XC
Bruin Invitational,https://ut.milesplit.com/meets/391834-bruin-invitational-2020/results,2020,8,UT,HS,XC
Spanish Fork Quad Meet,https://ut.milesplit.com/meets/391836-spanish-fork-quad-meet-2020/results,2020,8,UT,HS,XC
Wasatch Rendezvous,https://ut.milesplit.com/meets/391835-wasatch-rendezvous-2020/results,2020,8,UT,HS,XC
Wildcat XC Invitational,https://ut.milesplit.com/meets/393536-wildcat-xc-invitational-2020/results,2020,8,UT,HS,XC
Canyon View Invite,https://ut.milesplit.com/meets/392130-canyon-view-invite-2020/results,2020,8,UT,HS,XC
Pre Region 8 Meet,https://ut.milesplit.com/meets/392127-pre-region-8-meet-2020/results,2020,8,UT,HS,XC
Viking Invitational,https://ut.milesplit.com/meets/390837-viking-invitational-2020/results,2020,8,UT,HS,XC
Boggy Draw Bear Chase,https://co.milesplit.com/meets/390200-boggy-draw-bear-chase-2020/results,2020,8,UT,HS,XC
Pre Region 5 Meet,https://ut.milesplit.com/meets/392510-pre-region-5-meet-2020/results,2020,8,UT,HS,XC
Cottonwood Twilight Meet,https://ut.milesplit.com/meets/392488-cottonwood-twilight-meet-2020/results,2020,8,UT,HS,XC
Pre Region 3 Meet,https://ut.milesplit.com/meets/392129-pre-region-3-meet-2020/results,2020,8,UT,HS,XC
Pre Region 7 Meet,https://ut.milesplit.com/meets/391401-pre-region-7-meet-2020/results,2020,8,UT,HS,XC
Region 11 Tri Meet @ Ridgeline,https://ut.milesplit.com/meets/392555-region-11-tri-meet-ridgeline-2020/results,2020,8,UT,HS,XC
Premier Invitational (Varsity),https://ut.milesplit.com/meets/390546-premier-invitational-varsity-2020/results,2020,8,UT,HS,XC
UTPVA Summer Street Vault,https://ut.milesplit.com/meets/392062-utpva-summer-street-vault-2020/results,2020,8,UT,HS,XC
Westlake XC Classic,https://ut.milesplit.com/meets/391807-westlake-xc-classic-2020/results,2020,8,UT,HS,XC
Premier Invitational (JV),https://ut.milesplit.com/meets/391963-premier-invitational-jv-2020/results,2020,8,UT,HS,XC
Blistering Bruin Quad Meet,https://ut.milesplit.com/meets/391805-blistering-bruin-quad-meet-2020/results,2020,8,UT,HS,XC
Cedar All Comers,https://ut.milesplit.com/meets/391537-cedar-all-comers-2020/results,2020,8,UT,HS,XC
AAU Junior Olympics Games,https://www.milesplit.com/meets/389725-aau-junior-olympics-games-2020/results,2020,8,UT,HS,XC
Digger Invitational,https://ut.milesplit.com/meets/397606-digger-invitational-2020/results,2020,9,UT,HS,XC
ROYAL RUN - XC Invitational,https://ut.milesplit.com/meets/390851-royal-run-xc-invitational-2020/results,2020,9,UT,HS,XC
TwiKnight Invite,https://ut.milesplit.com/meets/396934-twiknight-invite-2020/results,2020,9,UT,HS,XC
Timpview Invite,https://ut.milesplit.com/meets/390846-timpview-invite-2020/results,2020,9,UT,HS,XC
Orem Small Meet,https://ut.milesplit.com/meets/396439-orem-small-meet-2020/results,2020,9,UT,HS,XC
Snow Canyon Tri Meet,https://ut.milesplit.com/meets/396441-snow-canyon-tri-meet-2020/results,2020,9,UT,HS,XC
Murray Tri Meet,https://ut.milesplit.com/meets/396438-murray-tri-meet-2020/results,2020,9,UT,HS,XC
UIAAA Invitational,https://ut.milesplit.com/meets/390843-uiaaa-invitational-2020/results,2020,9,UT,HS,XC
Hurricane Tri Meet,https://ut.milesplit.com/meets/396014-hurricane-tri-meet-2020/results,2020,9,UT,HS,XC
Cache Box Invitational,https://ut.milesplit.com/meets/396445-cache-box-invitational-2020/results,2020,9,UT,HS,XC
Carbon Invitational,https://ut.milesplit.com/meets/396012-carbon-invitational-2020/results,2020,9,UT,HS,XC
Cedar Valley Meet,https://ut.milesplit.com/meets/396005-cedar-valley-meet-2020/results,2020,9,UT,HS,XC
Davis Districts,https://ut.milesplit.com/meets/396447-davis-districts-2020/results,2020,9,UT,HS,XC
Weber City/County Championships,https://ut.milesplit.com/meets/396444-weber-citycounty-xc-championships-2020/results,2020,9,UT,HS,XC
Timpview Quad Meet,https://ut.milesplit.com/meets/395453-timpview-quad-meet-2020/results,2020,9,UT,HS,XC
Wasatch XC Invitational,https://ut.milesplit.com/meets/390841-wasatch-xc-invitational-2020/results,2020,9,UT,HS,XC
Timpanogos XC Invitational,https://ut.milesplit.com/meets/390447-timpanogos-xc-invitational-2020/results,2020,9,UT,HS,XC
Loyd's Lake Classic,https://ut.milesplit.com/meets/390840-loyds-lake-classic-2020/results,2020,9,UT,HS,XC
Nicholls Hollow Invite,https://ut.milesplit.com/meets/393919-nicholls-hollow-invite-2020/results,2020,9,UT,HS,XC
Top of Utah XC Invitational,https://ut.milesplit.com/meets/391837-top-of-utah-xc-invitational-2020/results,2020,9,UT,HS,XC
"Utah State Championships (3A, 5A, 6A)",https://ut.milesplit.com/meets/393682-utah-state-xc-championships-3a-5a-6a-2020/results,2020,10,UT,HS,XC
"Utah State Championships (1A, 2A, 4A)",https://ut.milesplit.com/meets/390844-utah-state-xc-championships-1a-2a-4a-2020/results,2020,10,UT,HS,XC
Region 18 Championships,https://ut.milesplit.com/meets/399797-region-18-championships-2020/results,2020,10,UT,HS,XC
Region 19 Championships,https://ut.milesplit.com/meets/399795-region-19-championships-2020/results,2020,10,UT,HS,XC
Region 21 Championships,https://ut.milesplit.com/meets/399798-region-21-championships-2020/results,2020,10,UT,HS,XC
Region 11 Championships,https://ut.milesplit.com/meets/399789-region-11-championships-2020/results,2020,10,UT,HS,XC
Region 12 XC Championships,https://ut.milesplit.com/meets/399799-region-12-xc-championships-2020/results,2020,10,UT,HS,XC
Region 13 Championships,https://ut.milesplit.com/meets/399800-region-13-championships-2020/results,2020,10,UT,HS,XC
Region 14 Championships,https://ut.milesplit.com/meets/399790-region-14-championships-2020/results,2020,10,UT,HS,XC
Region 15 Championships,https://ut.milesplit.com/meets/399792-region-15-championships-2020/results,2020,10,UT,HS,XC
Region 17 Championships,https://ut.milesplit.com/meets/399794-region-17-championships-2020/results,2020,10,UT,HS,XC
Region 16 Championships,https://ut.milesplit.com/meets/399788-region-16-championships-2020/results,2020,10,UT,HS,XC
Region 9 Championships,https://ut.milesplit.com/meets/396936-region-9-championships-2020/results,2020,10,UT,HS,XC
Region 10 Championships,https://ut.milesplit.com/meets/399734-region-10-championships-2020/results,2020,10,UT,HS,XC
Utah 5A-6A Divisionals,https://ut.milesplit.com/meets/399733-utah-5a-6a-divisionals-2020/results,2020,10,UT,HS,XC
Cedar XC Invitational,https://ut.milesplit.com/meets/394508-cedar-xc-invitational-2020/results,2020,10,UT,HS,XC
Region 1 Championships,https://ut.milesplit.com/meets/396931-region-1-championships-2020/results,2020,10,UT,HS,XC
Region 2 Championships,https://ut.milesplit.com/meets/396928-region-2-championships-2020/results,2020,10,UT,HS,XC
Region 3 Championships,https://ut.milesplit.com/meets/398507-region-3-championships-2020/results,2020,10,UT,HS,XC
Region 4 Championships,https://ut.milesplit.com/meets/396935-region-4-championships-2020/results,2020,10,UT,HS,XC
Region 5 Championships,https://ut.milesplit.com/meets/390847-region-5-championships-2020/results,2020,10,UT,HS,XC
Region 8 Championships,https://ut.milesplit.com/meets/396926-region-8-championships-2020/results,2020,10,UT,HS,XC
Desert Twilight XC Festival,https://az.milesplit.com/meets/392669-desert-twilight-xc-festival-2020/results,2020,10,UT,HS,XC
Region 6 Championships,https://ut.milesplit.com/meets/396930-region-6-championships-2020/results,2020,10,UT,HS,XC
Region 7 Championships,https://ut.milesplit.com/meets/390850-region-7-championships-2020/results,2020,10,UT,HS,XC
USATF Utah Association 5K,https://ut.milesplit.com/meets/403603-usatf-utah-association-5k-2020/results,2020,11,UT,HS,XC
Border Wars Utah Qualifier,https://ut.milesplit.com/meets/401381-border-wars-utah-qualifier-2020/results,2020,11,UT,HS,XC
